path,module,array,width_bits,depth,total_bits,category,contract,raw_read_accesses,raw_write_accesses,raw_read_clock_mask,init,source
karu64.csr.csr_hpmcounter,karu_csr,csr_hpmcounter,64,29,1856,control_flops,parallel control/state array; retain flip-flops; see README,60,59,000000000000000000000000000000000000000000000000000000000000,unspecified,rtl/karu_csr.v:132.16-132.30
karu64.csr.csr_hstateen,karu_csr,csr_hstateen,64,4,256,control_flops,parallel control/state array; retain flip-flops; see README,4,5,0000,unspecified,rtl/karu_csr.v:169.16-169.28
karu64.csr.csr_mhpmevent,karu_csr,csr_mhpmevent,64,29,1856,control_flops,parallel control/state array; retain flip-flops; see README,117,59,000000000000000000000000000000000000000000000000000000000000000000000000000000000000000000000000000000000000000000000,unspecified,rtl/karu_csr.v:133.16-133.29
karu64.dmem_l1.line_data_u.mem,karu_1w1r_async_ram,mem,512,64,32768,macro_candidate,1W1R; asynchronous read; full-word write; no bit enable,1,1,0,unspecified,rtl/karu_ram_prim.v:104.22-104.25
karu64.dmem_l1.line_tag_u.mem,karu_1w1r_async_ram,mem,20,64,1280,macro_candidate,1W1R; asynchronous read; full-word write; no bit enable,1,1,0,unspecified,rtl/karu_ram_prim.v:104.22-104.25
karu64.dmmu.gtlb_gpbmt,karu_sv39,gtlb_gpbmt,2,4,8,control_flops,parallel control/state array; retain flip-flops; see README,2,3,00,unspecified,rtl/karu_sv39.v:161.34-161.44
karu64.dmmu.gtlb_gperm,karu_sv39,gtlb_gperm,8,4,32,control_flops,parallel control/state array; retain flip-flops; see README,1,3,0,unspecified,rtl/karu_sv39.v:160.34-160.44
karu64.dmmu.gtlb_gppn,karu_sv39,gtlb_gppn,44,4,176,control_flops,parallel control/state array; retain flip-flops; see README,1,3,0,unspecified,rtl/karu_sv39.v:159.33-159.42
karu64.dmmu.gtlb_hppn,karu_sv39,gtlb_hppn,44,4,176,control_flops,parallel control/state array; retain flip-flops; see README,1,3,0,unspecified,rtl/karu_sv39.v:159.16-159.25
karu64.dmmu.gtlb_vpn,karu_sv39,gtlb_vpn,29,4,116,control_flops,parallel control/state array; retain flip-flops; see README,4,3,0000,unspecified,rtl/karu_sv39.v:158.16-158.24
karu64.dmmu.gtlb_vspbmt,karu_sv39,gtlb_vspbmt,2,4,8,control_flops,parallel control/state array; retain flip-flops; see README,3,3,000,unspecified,rtl/karu_sv39.v:161.15-161.26
karu64.dmmu.gtlb_vsperm,karu_sv39,gtlb_vsperm,8,4,32,control_flops,parallel control/state array; retain flip-flops; see README,1,3,0,unspecified,rtl/karu_sv39.v:160.15-160.26
karu64.dmmu.pwc_data_u.mem,karu_1w1r_async_ram,mem,512,4,2048,macro_candidate,1W1R; asynchronous read; full-word write; no bit enable,1,1,0,unspecified,rtl/karu_ram_prim.v:104.22-104.25
karu64.dmmu.pwc_tag,karu_sv39,pwc_tag,52,4,208,control_flops,parallel control/state array; retain flip-flops; see README,4,1,0000,unspecified,rtl/karu_sv39.v:187.33-187.40
karu64.dmmu.tlb_asid,karu_sv39,tlb_asid,16,4,64,control_flops,parallel control/state array; retain flip-flops; see README,4,2,0000,unspecified,rtl/karu_sv39.v:145.33-145.41
karu64.dmmu.tlb_level,karu_sv39,tlb_level,2,4,8,control_flops,parallel control/state array; retain flip-flops; see README,13,2,0000000000000,unspecified,rtl/karu_sv39.v:139.33-139.42
karu64.dmmu.tlb_pbmt,karu_sv39,tlb_pbmt,2,4,8,control_flops,parallel control/state array; retain flip-flops; see README,2,2,00,unspecified,rtl/karu_sv39.v:140.33-140.41
karu64.dmmu.tlb_perm,karu_sv39,tlb_perm,8,4,32,control_flops,parallel control/state array; retain flip-flops; see README,1,2,0,unspecified,rtl/karu_sv39.v:138.33-138.41
karu64.dmmu.tlb_ppn,karu_sv39,tlb_ppn,44,4,176,control_flops,parallel control/state array; retain flip-flops; see README,1,2,0,unspecified,rtl/karu_sv39.v:137.33-137.40
karu64.dmmu.tlb_root,karu_sv39,tlb_root,44,4,176,control_flops,parallel control/state array; retain flip-flops; see README,4,2,0000,unspecified,rtl/karu_sv39.v:146.33-146.41
karu64.dmmu.tlb_vpn,karu_sv39,tlb_vpn,27,4,108,control_flops,parallel control/state array; retain flip-flops; see README,12,2,000000000000,unspecified,rtl/karu_sv39.v:136.33-136.40
karu64.fpu.constant_lookup@rtl/karu_fpu.v:187.9-204.16#375227cc43bc[0],karu_fpu,constant_lookup@rtl/karu_fpu.v:187.9-204.16#375227cc43bc[0],32,32,1024,constant_logic,case/function lookup; not power-up state,1,0,0,constant lookup,rtl/karu_fpu.v:187.9-204.16
karu64.fpu.constant_lookup@rtl/karu_fpu.v:207.9-224.16#b7d9a249adba[0],karu_fpu,constant_lookup@rtl/karu_fpu.v:207.9-224.16#b7d9a249adba[0],64,32,2048,constant_logic,case/function lookup; not power-up state,1,0,0,constant lookup,rtl/karu_fpu.v:207.9-224.16
karu64.frf.fx,karu_fregfile,fx,64,32,2048,register_file,1W3R; asynchronous reads; full-word write,3,1,000,unspecified,rtl/karu_fregfile.v:26.16-26.18
karu64.icache.cdata_u.mem,karu_1w1r_async_ram,mem,64,512,32768,macro_candidate,1W1R; asynchronous read; full-word write; no bit enable,1,1,0,unspecified,rtl/karu_ram_prim.v:104.22-104.25
karu64.icache.ctag_u.mem,karu_1w1r_async_ram,mem,20,64,1280,macro_candidate,1W1R; asynchronous read; full-word write; no bit enable,1,1,0,unspecified,rtl/karu_ram_prim.v:104.22-104.25
karu64.immu.gtlb_gpbmt,karu_sv39,gtlb_gpbmt,2,4,8,control_flops,parallel control/state array; retain flip-flops; see README,2,3,00,unspecified,rtl/karu_sv39.v:161.34-161.44
karu64.immu.gtlb_gperm,karu_sv39,gtlb_gperm,8,4,32,control_flops,parallel control/state array; retain flip-flops; see README,1,3,0,unspecified,rtl/karu_sv39.v:160.34-160.44
karu64.immu.gtlb_gppn,karu_sv39,gtlb_gppn,44,4,176,control_flops,parallel control/state array; retain flip-flops; see README,1,3,0,unspecified,rtl/karu_sv39.v:159.33-159.42
karu64.immu.gtlb_hppn,karu_sv39,gtlb_hppn,44,4,176,control_flops,parallel control/state array; retain flip-flops; see README,1,3,0,unspecified,rtl/karu_sv39.v:159.16-159.25
karu64.immu.gtlb_vpn,karu_sv39,gtlb_vpn,29,4,116,control_flops,parallel control/state array; retain flip-flops; see README,4,3,0000,unspecified,rtl/karu_sv39.v:158.16-158.24
karu64.immu.gtlb_vspbmt,karu_sv39,gtlb_vspbmt,2,4,8,control_flops,parallel control/state array; retain flip-flops; see README,3,3,000,unspecified,rtl/karu_sv39.v:161.15-161.26
karu64.immu.gtlb_vsperm,karu_sv39,gtlb_vsperm,8,4,32,control_flops,parallel control/state array; retain flip-flops; see README,1,3,0,unspecified,rtl/karu_sv39.v:160.15-160.26
karu64.immu.pwc_data_u.mem,karu_1w1r_async_ram,mem,512,4,2048,macro_candidate,1W1R; asynchronous read; full-word write; no bit enable,1,1,0,unspecified,rtl/karu_ram_prim.v:104.22-104.25
karu64.immu.pwc_tag,karu_sv39,pwc_tag,52,4,208,control_flops,parallel control/state array; retain flip-flops; see README,4,1,0000,unspecified,rtl/karu_sv39.v:187.33-187.40
karu64.immu.tlb_asid,karu_sv39,tlb_asid,16,4,64,control_flops,parallel control/state array; retain flip-flops; see README,4,2,0000,unspecified,rtl/karu_sv39.v:145.33-145.41
karu64.immu.tlb_level,karu_sv39,tlb_level,2,4,8,control_flops,parallel control/state array; retain flip-flops; see README,13,2,0000000000000,unspecified,rtl/karu_sv39.v:139.33-139.42
karu64.immu.tlb_pbmt,karu_sv39,tlb_pbmt,2,4,8,control_flops,parallel control/state array; retain flip-flops; see README,2,2,00,unspecified,rtl/karu_sv39.v:140.33-140.41
karu64.immu.tlb_perm,karu_sv39,tlb_perm,8,4,32,control_flops,parallel control/state array; retain flip-flops; see README,1,2,0,unspecified,rtl/karu_sv39.v:138.33-138.41
karu64.immu.tlb_ppn,karu_sv39,tlb_ppn,44,4,176,control_flops,parallel control/state array; retain flip-flops; see README,1,2,0,unspecified,rtl/karu_sv39.v:137.33-137.40
karu64.immu.tlb_root,karu_sv39,tlb_root,44,4,176,control_flops,parallel control/state array; retain flip-flops; see README,4,2,0000,unspecified,rtl/karu_sv39.v:146.33-146.41
karu64.immu.tlb_vpn,karu_sv39,tlb_vpn,27,4,108,control_flops,parallel control/state array; retain flip-flops; see README,12,2,000000000000,unspecified,rtl/karu_sv39.v:136.33-136.40
karu64.rf.rx,karu_regfile,rx,64,32,2048,register_file,1W2R; asynchronous reads; full-word write,2,1,00,unspecified,rtl/karu_regfile.v:17.16-17.18
karu64.varith_u.g_lane[0].u_lane.u_est.constant_lookup@rtl/karu_vest7.v:23.9-57.16#090a8100461d[0],karu_vest7,constant_lookup@rtl/karu_vest7.v:23.9-57.16#090a8100461d[0],7,128,896,constant_logic,case/function lookup; not power-up state,1,0,0,constant lookup,rtl/karu_vest7.v:23.9-57.16
karu64.varith_u.g_lane[0].u_lane.u_est.constant_lookup@rtl/karu_vest7.v:61.9-95.16#623f009af113[0],karu_vest7,constant_lookup@rtl/karu_vest7.v:61.9-95.16#623f009af113[0],7,128,896,constant_logic,case/function lookup; not power-up state,1,0,0,constant lookup,rtl/karu_vest7.v:61.9-95.16
karu64.varith_u.g_lane[0].u_lane.u_fpu.constant_lookup@rtl/karu_fpu.v:187.9-204.16#375227cc43bc[0],karu_fpu,constant_lookup@rtl/karu_fpu.v:187.9-204.16#375227cc43bc[0],32,32,1024,constant_logic,case/function lookup; not power-up state,1,0,0,constant lookup,rtl/karu_fpu.v:187.9-204.16
karu64.varith_u.g_lane[0].u_lane.u_fpu.constant_lookup@rtl/karu_fpu.v:207.9-224.16#b7d9a249adba[0],karu_fpu,constant_lookup@rtl/karu_fpu.v:207.9-224.16#b7d9a249adba[0],64,32,2048,constant_logic,case/function lookup; not power-up state,1,0,0,constant lookup,rtl/karu_fpu.v:207.9-224.16
karu64.varith_u.g_lane[1].u_lane.u_est.constant_lookup@rtl/karu_vest7.v:23.9-57.16#090a8100461d[0],karu_vest7,constant_lookup@rtl/karu_vest7.v:23.9-57.16#090a8100461d[0],7,128,896,constant_logic,case/function lookup; not power-up state,1,0,0,constant lookup,rtl/karu_vest7.v:23.9-57.16
karu64.varith_u.g_lane[1].u_lane.u_est.constant_lookup@rtl/karu_vest7.v:61.9-95.16#623f009af113[0],karu_vest7,constant_lookup@rtl/karu_vest7.v:61.9-95.16#623f009af113[0],7,128,896,constant_logic,case/function lookup; not power-up state,1,0,0,constant lookup,rtl/karu_vest7.v:61.9-95.16
karu64.varith_u.g_lane[1].u_lane.u_fpu.constant_lookup@rtl/karu_fpu.v:187.9-204.16#375227cc43bc[0],karu_fpu,constant_lookup@rtl/karu_fpu.v:187.9-204.16#375227cc43bc[0],32,32,1024,constant_logic,case/function lookup; not power-up state,1,0,0,constant lookup,rtl/karu_fpu.v:187.9-204.16
karu64.varith_u.g_lane[1].u_lane.u_fpu.constant_lookup@rtl/karu_fpu.v:207.9-224.16#b7d9a249adba[0],karu_fpu,constant_lookup@rtl/karu_fpu.v:207.9-224.16#b7d9a249adba[0],64,32,2048,constant_logic,case/function lookup; not power-up state,1,0,0,constant lookup,rtl/karu_fpu.v:207.9-224.16
karu64.varith_u.i_keccak.constant_lookup@rtl/zvk/keccak.v:48.13-62.20#e4bb92968b41[0],keccak,constant_lookup@rtl/zvk/keccak.v:48.13-62.20#e4bb92968b41[0],8,32,256,constant_logic,case/function lookup; not power-up state,1,0,0,constant lookup,rtl/zvk/keccak.v:48.13-62.20
karu64.varith_u.i_vcrypto.i_aes_keyexp.constant_lookup@rtl/zvk/aes_key_expansion.v:148.13-160.20#f978f985792a[0],key_expansion,constant_lookup@rtl/zvk/aes_key_expansion.v:148.13-160.20#f978f985792a[0],32,16,512,constant_logic,case/function lookup; not power-up state,1,0,0,constant lookup,rtl/zvk/aes_key_expansion.v:148.13-160.20
karu64.varith_u.i_vcrypto.i_aes_keyexp.constant_lookup@rtl/zvk/aes_key_expansion.v:148.13-160.20#f978f985792a[1],key_expansion,constant_lookup@rtl/zvk/aes_key_expansion.v:148.13-160.20#f978f985792a[1],32,16,512,constant_logic,case/function lookup; not power-up state,1,0,0,constant lookup,rtl/zvk/aes_key_expansion.v:148.13-160.20
karu64.varith_u.i_vcrypto.i_sm4.constant_lookup@rtl/zvk/karu_sm4_iter.v:77.13-111.20#c24c9ad60f66[0],karu_sm4_iter,constant_lookup@rtl/zvk/karu_sm4_iter.v:77.13-111.20#c24c9ad60f66[0],32,32,1024,constant_logic,case/function lookup; not power-up state,1,0,0,constant lookup,rtl/zvk/karu_sm4_iter.v:77.13-111.20
karu64.varith_u.iram_u.mem,karu_1w2r_async_ram,mem,64,32,2048,macro_candidate,1W2R; asynchronous reads; full-word write; no bit enable,2,1,00,unspecified,rtl/karu_ram_prim.v:136.22-136.25
karu64.varith_u.pram_u.mem,karu_1w2r_async_ram,mem,64,32,2048,macro_candidate,1W2R; asynchronous reads; full-word write; no bit enable,2,1,00,unspecified,rtl/karu_ram_prim.v:136.22-136.25
karu64.vlsu.buf_u.membuf,karu_vlsu_buf,membuf,128,18,2304,scratch_refactor,async multi-access scratch; retain flops or redesign banking; see README,16,1,0000000000000000,unspecified,rtl/karu_vlsu_buf.v:73.17-73.23
karu64.vlsu.buf_u.peb,karu_vlsu_buf,peb,8,256,2048,scratch_refactor,async multi-access scratch; retain flops or redesign banking; see README,32,24,00000000000000000000000000000000,unspecified,rtl/karu_vlsu_buf.v:75.17-75.20
karu64.vlsu.buf_u.pib,karu_vlsu_buf,pib,8,256,2048,scratch_refactor,async multi-access scratch; retain flops or redesign banking; see README,8,16,00000000,unspecified,rtl/karu_vlsu_buf.v:76.17-76.20
karu64.vlsu.buf_u.regbuf,karu_vlsu_buf,regbuf,128,16,2048,scratch_refactor,async multi-access scratch; retain flops or redesign banking; see README,16,1,0000000000000000,unspecified,rtl/karu_vlsu_buf.v:74.17-74.23
karu64.vrf.u_bram.mem_u.mem,karu_tdp_be_ram,mem,128,64,8192,macro_candidate,2RW TDP; synchronous read; 16 byte write enables/port; NO_CHANGE,2,32,00,unspecified,rtl/karu_ram_prim.v:36.22-36.25
